RTY ,Futures ,Globex ,RTY,Globex ,RTY
PL ,Futures ,Globex ,PL,Globex ,PLE
PA ,Futures ,Globex ,PA,Globex ,PAE
NKD ,Futures ,Globex ,NKD,Globex ,NKD
EMD ,Futures ,Globex ,EMD,Globex ,EMD
BZ ,Futures ,Globex ,BZ,Globex ,BZ
BTC ,Futures ,Globex ,BTC,Globex ,BTC
NIY ,Futures ,Globex ,NIY,Globex ,NIY
KC HRW Wheat,Futures ,Globex ,KE,Globex ,KWE
Silver Futures,Futures ,Globex ,HG,Globex ,CPE
Silver Futures,Futures ,Globex ,SI,Globex ,SIE
Gold Futures,Futures ,Globex ,GC,Globex ,GCE
E-mini Dow ($5) Futures,Futures ,Globex ,YM,Globex ,YM
Ultra 10-Year U.S. Treasury Note Futures,Futures ,Globex ,TN,Globex ,TNA
30 Day Federal Funds Futures,Futures ,Globex ,ZQ,Globex ,ZQE
Corn ,Futures ,Globex ,ZC ,Globex ,ZCE
Corn ,Options ,Globex ,OZC,Globex ,ZCE
Weekly  Corn Option - Week 1,Options ,Globex ,ZC1,Globex ,ZCE1
Weekly  Corn Option - Week 2,Options ,Globex ,ZC2,Globex ,ZCE2
Weekly  Corn Option - Week 3,Options ,Globex ,ZC3,Globex ,ZCE3
Weekly  Corn Option - Week 4,Options ,Globex ,ZC4,Globex ,ZCE4
Weekly  Corn Option - Week 5,Options ,Globex ,ZC5,Globex ,ZCE5
Mini-Sized Corn ,Futures ,Globex ,XC,Globex ,XC
Distillers Dried Grain,Futures ,Globex ,DDG ,Globex ,DDG
Wheat,Futures ,Globex ,ZW,Globex ,ZWA
Weekly  Wheat Option - Week 1,Options,Globex ,ZW1,Globex ,ZWA1
Weekly Wheat Option - Week 2,Options,Globex ,ZW2,Globex ,ZWA2
Weekly  Wheat Option - Week 3,Options,Globex ,ZW3,Globex ,ZWA3
Weekly Wheat Option - Week 4,Options,Globex ,ZW4,Globex ,ZWA4
Weekly Wheat Option - Week 5,Options,Globex ,ZW5,Globex ,ZWA5
Wheat Options ,Options ,Globex ,OZW ,Globex ,ZWA
Mini-Sized Wheat,Futures ,Globex ,XW,Globex ,XW
Black Sea Wheat ,Futures ,Globex ,BSW,Globex,BSW
Soybean,Futures,Globex ,ZS,Globex ,ZSE
Soybean Options ,Options  ,Globex ,OZS,Globex ,ZSE
Mini-Sized Soybeans,Futures,Globex ,XK,Globex ,XB
Soybean Meal,Futures,Globex ,ZM,Globex ,ZME
Soybean Meal Options ,Options ,Globex ,OZM ,Globex ,ZME
Soybean Oil,Futures ,Globex ,ZL,Globex ,ZLE
Soybean Oil Options ,Options ,Globex ,OZL,Globex ,ZLE
Oats,Futures ,Globex ,ZO,Globex ,ZOE
Oat Options ,Options ,Globex ,OZO,Globex ,ZOE
Rough Rice,Futures,Globex ,ZR,Globex ,ZRE
Rough Rice Options ,Options ,Globex ,OZR,Globex ,ZRE
Wheat-Corn Intercommodity Spread Options,Options,Globex ,ZCW,Globex ,ZCEZWA
Cash-Settled Butter Futures,Futures ,Globex ,CB ,Globex ,CCB
Cash-Settled Butter Options,Options ,Globex ,CB ,Globex ,CCB
Class III Milk Futures,Futures ,Globex ,DC,Globex ,GDC
Class III Milk Options,Options ,Globex ,DC,Globex ,GDC
Class IV Milk Futures,Futures ,Globex ,GDK ,Globex ,GDK
Class IV Milk Options,Options ,Globex ,GDK ,Globex ,GDK
Crude Palm Oil Futures,Futures,Globex ,CPO,Globex ,CPO
Dry Whey Futures,Futures ,Globex ,DY,Globex ,GDY
Dry Whey Options,Options ,Globex ,DY,Globex ,GDY
Feeder Cattle Futures,Futures ,Globex ,GF,Globex ,GF
Feeder Cattle Options,Options ,Globex ,GF,Globex ,GF
Hardwood Pulp Futures,Futures ,Globex ,HWP,Globex ,HWP
Hardwood Pulp Options,Options ,Globex ,HWP,Globex ,HWP
International Skimmed Milk Powder Futures,Futures ,Globex ,ISM,Globex ,ISM
International Skimmed Milk Powder Options,Options ,Globex ,ISM ,Globex ,ISM
Lean Hogs Futures,Futures ,Globex ,HE,Globex ,HE
Lean Hogs Options,Options ,Globex ,HE,Globex ,HE
Live Cattle Futures,Futures,Globex ,LE,Globex ,GLE
Live Cattle Options,Options,Globex ,LE,Globex ,GLE
Nonfat Dry Milk Futures,Futures,Globex ,GNF,Globex ,GNF
Nonfat Dry Milk Options,Options ,Globex ,GNF,Globex ,GNF
S&P-GSCI Futures,Futures,Globex ,GD,Globex ,GD
S&P-GSCI Excess Return Index Futures ,Futures ,Globex ,GIE,Globex ,GIE
Light Sweet Crude Oil Futures,Futures,Globex ,CL,Globex ,CLE 
Light Sweet Crude Oil Option,Options ,Globex ,LO,Globex ,CLE 
Heating Oil Futures,Futures,Globex ,HO,Globex ,HOE
Heating Oil Option,Options ,Globex ,OH,Globex ,HOE
Henry Hub Natural Gas Look-Alike Option,Options ,Globex ,LN,Globex ,LNE
Henry Hub Natural Gas Futures,Futures,Globex ,NG,Globex ,NGE
Brent Crude Oil Last Day Financial Futures,Futures,Globex ,BZ,Globex ,BZ
RBOB Gasoline Futures,Futures ,Globex ,RB,Globex ,RBE
Western Canadian Select (WCS) Crude Oil Futures ,Futures ,Globex ,WCE,Globex ,WCE
NYMEX Brent 25?Day (Platts) Futures,Futures ,Globex ,NBZ,Globex ,NBZ
Brent Crude Oil Penultimate Financial Futures,Futures,Globex ,BB,Globex ,BC
Central Appalachian Coal Futures,Futures,Globex ,QL,Globex ,QLD
Central Appalachian Coal Option,Options ,Globex ,C1,Globex ,QLD
Midwest ISO Cinergy Hub 5 MW Peak Calendar-Month Real-Time Swap Futures,Futures,Globex ,H3N,Globex ,N5H
European Gasoil (ICE) Futures,Futures,Globex ,7F,Globex ,QLI
Gulf Coast Sour Crude Oil Futures,Futures,Globex ,MB,Globex ,MBE
Heating Oil Calendar Spread Option (1 Month),Options ,Globex ,FA,Globex ,HOES1
Heating Oil Calendar Spread Option (2 Month),Options ,Globex ,FB,Globex ,HOES2
Heating Oil Calendar Spread Option (3 Month),Options ,Globex ,FC,Globex ,HOES3
Pine Prairie Energy Center (PPEC) Physically Delivered Natural Gas Monthly Futures,Futures,Globex ,PPM,Globex ,GPPM
Ventura Basis Swap (Platts IFERC) Futures,Futures,Globex ,PF,Globex ,PF
NYMEX Cocoa Futures,Futures,Globex ,CJ,Globex ,CJ
NYMEX Cotton Futures,Futures,Globex ,TT,Globex ,NTT
New York Harbor Ethanol Futures,Futures,Globex ,QE,Globex ,NQE
Palladium Futures,Futures,Globex ,PA,Globex ,PAE
Panhandle Basis Swap Platts IFERC) Futures,Futures,Globex ,PH,Globex ,PH
PJM Western Hub 50 MW Peak Calendar Month Real Time LMP Swap Futures,Futures,Globex ,4S,Globex ,N4SN
PJM Western Hub Peak Calendar-Month Real-Time LMP Swap Futures,Futures,Globex ,L1,Globex ,L1
RBOB Gasoline Option,Futures,Globex ,OB,Globex ,RBE
REBCO Financial Futures,Futures,Globex ,R2,Globex ,R2
Singapore Fuel Oil 380 cst Futures,Options ,Globex ,HZ,Globex ,HZ
U.S. Midwest Domestic Hot-Rolled Coil Steel Index Futures,Futures,Globex ,HR,Globex ,HRC
Waha Basis Swap (Platts IFERC) Futures,Options ,Globex ,NW,Globex ,NW
In Delivery Month European Union Allowance (EUA) Futures                        ,Futures,Globex ,EAF,Globex ,EAF
European Union Allowance (EUA) Futures,Futures,Globex ,EUA,Globex ,NEUA
In Delivery Month Certified Emmision Reduction (CER) Futures ,Futures,Globex ,CRE,Globex ,NCRE
Certified Emission Reduction Plus (CERplus) Futures ,Futures,Globex ,CPL,Globex ,CPL
Certified Emission Reduction (CERplus) Futures ,Futures,Globex ,CCR,Globex ,CCR
California Carbon Allowance (CCA) Futures ,Futures,Globex ,CCA,Globex ,NCCA
Regional Greenhouse Gas Initiative (RGGI) Futures ,Futures,Globex ,RGI,Globex ,NRGI
Dow Jones US Real Estate Index Futures,Futures,Globex ,RX,Globex ,FXD
E-mini NASDAQ-100 Futures,Futures,Globex ,NQ,Globex ,ENQ
E-mini NASDAQ Composite,Futures,Globex ,QCN,Globex ,ENC
E-mini S&P 500 Futures,Futures,Globex ,ES,Globex ,EP
E-mini S&P 500 Options,Options,Globex ,ES,Globex ,EP
E-mini S&P MidCap 400 Futures,Futures,Globex ,EMD,Globex ,EMD
E-mini S&P MidCap 400 Options,Options,Globex ,EMD,Globex ,EMD
E-mini S&P SmallCap 600 Futures,Futures,Globex ,SMC,Globex ,SMC
NASDAQ-100 Futures,Futures,Globex ,ND,Globex ,NDE
Nikkei 225 (Dollar) Futures,Futures,Globex ,NKD,Globex ,NKD
Nikkei 225 (Dollar) Options,Options,Globex ,NKD,Globex ,NKD
S&P 500 Futures,Futures,Globex ,SP,Globex ,SPE
S&P 500 Options,Options,Globex ,SP,Globex ,SPE
S&P SmallCap 600 Futures,Futures,Globex ,SMP,Globex ,SMP
SGI WISE US Top Index Futures,Futures,Globex ,K06,Globex ,KO6
SGI WISE US Bottom Index Futures,Futures,Globex ,K07,Globex ,KO7
SGI WISE US Long/Short Index Futures,Futures,Globex ,K08,Globex ,KO8
USD-Denominated Ibovespa Futures,Futures,Globex ,IBV,Globex ,BIBV
Australian Dollar Futures,Futures ,Globex ,6A,Globex ,DA6
Australian Dollar Options,Options ,Globex ,6A,Globex ,DA6
Australian Dollar/Canadian Dollar Futures,Futures ,Globex ,ACD,Globex ,ACD
Australian Dollar/Japanese Yen Futures,Futures,Globex ,AJY,Globex ,AJY
Australian Dollar/New Zealand Dollar Futures,Futures ,Globex ,ANE,Globex ,ANE
Brazilian Real Futures,Futures ,Globex ,6L,Globex ,BR6
Brazilian Real Options,Options ,Globex ,BR,Globex ,BR6
British Pound Futures,Futures ,Globex ,6B,Globex ,BP6
British Pound Options,Options,Globex ,6B,Globex ,BP6
British Pound/Japanese Yen Futures,Futures,Globex ,PJY,Globex ,PJY
British Pound/Swiss Franc Futures,Futures ,Globex ,PSF,Globex ,PSF
Canadian Dollar Futures,Futures,Globex ,6C,Globex ,CA6
Canadian Dollar Options,Options,Globex ,6C,Globex ,CA6
Canadian Dollar/Japanese Futures,Futures,Globex ,CJY,Globex ,CJY
Chinese Renminbi Futures,Futures,Globex ,RMB,Globex ,RMB
Chinese Renminbi Options,Options,Globex ,RMB,Globex ,RMB
Chinese Renminbi /Euro Futures,Futures ,Globex ,RME,Globex ,RME
Chinese Renminbi/Euro Options,Options ,Globex ,RME,Globex ,RME
Chinese Renminbi/Japanese Yen Futures,Futures,Globex ,RMY,Globex ,RMY
Chinese Renminbi/Japanese Yen Options,Options ,Globex ,RMY,Globex ,RMY
Czech Koruna Futures,Futures ,Globex ,CZK,Globex ,GCZK
Czech Koruna Options,Options,Globex ,CZO,Globex ,GCZK
E-mini EUR/USD Futures,Futures,Globex ,E7,Globex ,EEU
E-mini JPY/USD Futures,Futures,Globex ,J7,Globex ,EJY
EUR/USD Futures,Futures,Globex ,6E,Globex ,EU6
EUR/USD American Style Options,Options,Globex ,6E,Globex ,EU6
Euro FX/Australian Dollar Futures,Futures,Globex ,EAD,Globex ,EAD
Euro FX/British Pound Futures,Futures,Globex ,RP,Globex ,EB
Euro FX/British Pound Options,Options,Globex ,RP,Globex ,EB
Euro FX/Canadian Dollar Futures,Futures,Globex ,ECD,Globex ,ECD
Euro FX/Czech Koruna Futures,Futures,Globex ,ECK,Globex ,GECK
Euro FX/Czech Koruna Options,Options,Globex ,ECZ,Globex ,GECK
Euro FX/Hungarian Forint Futures,Futures,Globex ,EHF,Globex ,GEHF
Euro FX/Hungarian Forint Options,Options,Globex ,EHU,Globex ,GEHF
Euro FX/Japanese yen Futures,Futures,Globex ,RY,Globex ,YR
Euro FX/Japanese Yen Options,Options,Globex ,RY,Globex ,YR
Euro FX/Norwegian Krone Futures,Futures,Globex ,ENK,Globex ,ENK
Euro FX/Polish Zloty Futures,Futures,Globex ,EPZ,Globex ,GEPZ
Euro FX/Polish Zloty Options,Options,Globex ,EPL,Globex ,GEPZ
Euro FX/Swedish Krona Futures,Futures,Globex ,ESK,Globex ,ESK
Euro FX/Swiss Franc Futures,Futures,Globex ,RF,Globex ,FR
Euro FX/Swiss Franc Options,Options,Globex ,RF,Globex ,FR
EUR/USD 1-Month Realized Volatility Futures,Futures,Globex ,16E,Globex ,G16E
EUR/USD 3-Month Realized Volatility Futures,Futures,Globex ,36E,Globex ,G36E
Hungarian Forint Futures,Futures,Globex ,HUF,Globex ,GHUF
Hungarian Forint Options,Options,Globex ,HFO,Globex ,GHUF
Israeli Shekel Futures,Futures,Globex ,ILS,Globex ,ILS
Israeli Shekel Futures,Futures,Globex ,ILS,Globex ,ILS
Japanese Yen Futures,Futures,Globex ,6J,Globex ,JY6
Japanese Yen Options,Options,Globex ,6J,Globex ,JY6
Korean Won Futures,Futures,Globex ,KRW,Globex ,KRW
Korean Won Options,Options,Globex ,KRW,Globex ,KRW
Mexican Peso Futures,Futures,Globex ,6M,Globex ,MX6
Mexican Peso Options,Options,Globex ,6M,Globex ,MX6
New Zealand Dollar Futures,Futures,Globex ,6N,Globex ,NE6
New Zealand Dollar Options,Options,Globex ,6N,Globex ,NE6
Norweigan Krone Futures,Futures,Globex ,NOK,Globex ,NK6
Polish Zloty Futures,Futures,Globex ,PLN,Globex ,GPLN
Polish Zloty Options,Options,Globex ,PLZ,Globex ,GPLN
Russian Ruble Futures,Futures,Globex ,6R,Globex ,RU6
Russian Ruble Options,Options,Globex ,6R,Globex ,RU6
South African Rand Futures,Futures,Globex ,6Z,Globex ,SA6
South African Rand Options,Options,Globex ,RA,Globex ,SA6
Swedish Krona Futures,Futures,Globex ,SEK,Globex ,SK6
Swiss Franc Futures,Futures,Globex ,6S,Globex ,SF6
Swiss Franc Options,Options,Globex ,6S,Globex ,SF6
Swiss Franc/Japanese Yen Futures,Futures,Globex ,SJY,Globex ,SJY
Turkish Lira USD Futures,Futures,Globex ,TRY,Globex ,TRY
Turkish Lira Euro Futures,Futures,Globex ,TRE,Globex ,TRE
Dow Jones CME FX$INDEX Futures,Futures,Globex ,FXD,Globex ,FXD 
INR/USD Futures ,Futures,Globex ,SIR,Globex ,SIR
E-micro INR/USD Futures ,Futures,Globex ,MIR,Globex ,MIR
USD/CNH Futures ,Futures,Globex ,CNH  ,Globex ,CNH  
E-Micro USD/CNH Futures ,Futures,Globex ,MNH,Globex ,MNH
1-Month Eurodollar Futures,Futures ,Globex ,GLB,Globex ,GLB
10-Year U.S. Treasury Note Futures,Futures ,Globex ,ZN,Globex ,TYA
10-Year U.S. Treasury Note Options,Options ,Globex ,OZN,Globex ,TYA
2-Year U.S. Treasury Note Futures ,Futures ,Globex ,ZT,Globex ,TUA
2-Year U.S. Treasury Note Options ,Options ,Globex ,OZT,Globex ,TUA
30-Year U.S. Treasury Bond Futures ,Futures,Globex ,ZB,Globex ,USA
30-Year U.S. Treasury Bond  Options ,Options ,Globex ,OZB,Globex ,USA
5-Year U.S. Treasury Note Futures,Futures,Globex ,ZF,Globex ,FVA
5-Year U.S. Treasury Note Options,Options ,Globex ,OZF,Globex ,FVA
CBOT 5-Year Interest Rate Swap Futures,Futures,Globex ,SA,Globex ,IRA
CBOT 5-Year Interest Rate Swap Options ,Options,Globex ,OSA,Globex ,IRA
CBOT 7-Year Interest Rate Swap Futures,Futures ,Globex ,7I,Globex ,S7
CBOT 7-Year Interest Rate Swap Options ,Options ,Globex ,O7I,Globex ,S7
CBOT 10-Year Interest Rate Swap Futures,Futures,Globex ,SR,Globex ,NIA
CBOT 10-Year Interest Rate Swap Options ,Options ,Globex ,OSR,Globex ,NIA
CBOT 30-Year Interest Rate Swap Futures,Futures ,Globex ,I3,Globex ,BNZA
CBOT 30-Year Interest Rate Swap Options,Options ,Globex ,OI3,Globex ,BNZA
Eurodollar Futures,Futures ,Globex ,GE,Globex ,EDA
Eurodollar Options ,Options ,Globex ,GE,Globex ,GE
Euroyen TIBOR,Futures ,Globex ,EJ,Globex ,EYA
Eurozone HICP Futures ,Futures ,Globex ,HC,Globex ,HC
Ultra T-Bond Futures,Futures ,Globex ,UB,Globex ,ULA
Ultra T-Bond Options,Options ,Globex ,OUB,Globex ,ULA
US-UK Sovereign Yield Spread Futures ,Futures ,Globex ,SKV,Globex ,SKV
US-De Sovereign Yield Spread Futures ,Futures ,Globex ,SEV,Globex ,SEV
US-Fr Sovereign Yield Spread Futures ,Futures ,Globex ,SFV,Globex ,SFV
US-It Sovereign Yield Spread Futures ,Futures ,Globex ,STV,Globex ,STV
US-Nd Sovereign Yield Spread Futures ,Futures ,Globex ,SDV,Globex ,SDV
UK-De Sovereign Yield Spread Futures ,Futures ,Globex ,KEV,Globex ,KEV
UK-Fr Sovereign Yield Spread Futures ,Futures ,Globex ,KFV,Globex ,KFV
UK-It Sovereign Yield Spread Futures ,Futures ,Globex ,KTV,Globex ,KTV
UK-Nd Sovereign Yield Spread Futures,Futures ,Globex ,KDV,Globex ,KDV
De-Fr Sovereign Yield Spread Futures ,Futures ,Globex ,DFV,Globex ,DFV
De-It Sovereign Yield Spread Futures ,Futures ,Globex ,DTV,Globex ,DTV
De-Nd Sovereign Yield Spread Futures ,Futures ,Globex ,DNV,Globex ,DNV
"30-Year USD ""Deliverable"" Interest Rate Swap Futures",Futures ,Globex ,T1U,Globex ,B1U
"10-Year USD ""Deliverable""Interest Rate Swap Futures",Futures ,Globex ,F1U,Globex ,N1U
"5-Year USD ""Deliverable"" Interest Rate Swap Futures",Futures ,Globex ,N1U,Globex ,F1U
"2-Year USD ""Deliverable"" Interest Rate Swap Futures",Futures ,Globex ,B1U,Globex ,T1U
Heating (HDD) Atlanta - Futures ,Futures ,Globex ,H1,Globex ,H1
Heating (HDD) Atlanta – Options ,Options ,Globex ,H1,Globex ,H1
Cooling (CDD) Atlanta - Futures,Futures ,Globex ,K1,Globex ,K1
Cooling (CDD) Atlanta – Options ,Option,Globex ,K1,Globex ,K1
Heating (HDD) Chicago - Futures ,Futures ,Globex ,H2,Globex ,H2
Heating (HDD) Chicago – Options ,Options,Globex ,H2,Globex ,H2
Cooling (CDD) Chicago- Futures,Futures,Globex ,K2,Globex ,K2
Cooling (CCD) Chicago- Options,Options,Globex ,K2,Globex ,K2
Heating (HDD) Cincinnati- Futures,Futures,Globex ,H3,Globex ,H3
Heating (HDD) Cincinnati- Options,Options,Globex ,H3,Globex ,H3
Cooling (CDD) Cincinnati-Futures,Futures,Globex ,K3,Globex ,K3
Cooling (CDD)Cincinnati- Options,Options,Globex ,K3,Globex ,K3
Heating (HDD) New York- Futures,Futures,Globex ,H4,Globex ,H4
Heating (HDD) New York- Options,Options,Globex ,H4,Globex ,H4
Cooling (CDD) New York- Futures,Futures,Globex ,K4,Globex ,K4
Cooling (CDD) New York- Options,Options,Globex ,K4,Globex ,K4
Heating (HDD) Dallas- Futures,Futures ,Globex ,H5,Globex ,H5
Heating (HDD) Dallas- Options,Options ,Globex ,H5,Globex ,H5
Cooling (CDD) Dallas- Futures,Futures,Globex ,K5,Globex ,K5
Cooling (CDD) Options,Options ,Globex ,K5,Globex ,K5
Heating (HDD) Philadelphia- Futures,Futures ,Globex ,H6,Globex ,H6
Heating (HDD) Philadelphia- Options,Options,Globex ,H6,Globex ,H6
Cooling (CDD) Philadelphia- Futures,Futures,Globex ,K6,Globex ,K6
Cooling (CDD) Philadelphia- Options,Options,Globex ,K6,Globex ,K6
Heating (HDD) Portland- Futures,Futures,Globex ,H7,Globex ,H7
Heating (HDD) Portland- Options,Options,Globex ,H7,Globex ,H7
Cooling (CDD) Portland- Futures,Futures,Globex ,K7,Globex ,K7
Cooling (CDD) Portland- Options,Options,Globex ,K7,Globex ,K7
Heating (HDD) Tuscon- Futures,Futures,Globex ,H8,Globex ,H8
Heating (HDD) Tuscon- Options,Options,Globex ,H8,Globex ,H8
Cooling (CDD) Tuscon- Futures,Futures,Globex ,K8,Globex ,K8
Cooling (CDD) Tuscon- Options,Options,Globex ,K8,Globex ,K8
Heating (HDD) Des Moines- Futures,Futures,Globex ,H9,Globex ,H9
Heating (HDD) Des Moines- Options,Options,Globex ,H9,Globex ,H9
Cooling (CDD) Des Moines- Futures,Futures,Globex ,K9,Globex ,K9
Cooling (CDD) Des Moines- Options,Options,Globex ,K9,Globex ,K9
Heating (HDD) Las Vegas- Futures,Futures,Globex ,H0,Globex ,H0
Heating (HDD) Las Vegas- Options,Options,Globex ,H0,Globex ,H0
Cooling (CDD) Las Vegas- Futures,Futures,Globex ,K0,Globex ,K0
Cooling (CDD) Las Vegas- Options,Options,Globex ,K0,Globex ,K0
Heating (HDD) Boston- Futures,Futures,Globex ,HW,Globex ,HW
Heating (HDD) Boston- Options,Options,Globex ,HW,Globex ,HW
Cooling (CDD) Boston- Futures,Futures,Globex ,KW,Globex ,KW
Cooling (CDD) Boston- Options,Options,Globex ,KW,Globex ,KW
Heating (HDD) Houston- Futures,Futures,Globex ,HR,Globex ,HR
Heating (HDD) Houston- Options,Options,Globex ,HR,Globex ,HR
Cooling (CDD) Houston- Futures,Futures,Globex ,KR,Globex ,KR
Cooling (CDD) Houston- Options,Options,Globex ,KR,Globex ,KR
Heating (HDD) Kansas City- Futures,Futures,Globex ,HX,Globex ,HX
Heating (HDD) Kansas City- Options,Options,Globex ,HX,Globex ,HX
Cooling (CDD) Kansas City- Futures,Futures,Globex ,KX,Globex ,KX
Cooling (CDD) Kansas City- Options,Options,Globex ,KX,Globex ,KX
Heating (HDD) Minneapolis- Futures,Futures,Globex ,HQ,Globex ,HQ
Heating (HDD) Minneapolis- Options,Options,Globex ,HQ,Globex ,HQ
Cooling (CDD) Minneapolis- Futures,Futures,Globex ,KQ,Globex ,KQ
Cooling (CDD) Minneapolis- Options,Options,Globex ,KQ,Globex ,KQ
Heating (HDD) Sacramento- Futures,Futures,Globex ,HS,Globex ,HS
Heating (HDD) Sacramento- Options,Options,Globex ,HS,Globex ,HS
Cooling (CDD) Sacramento- Futures,Futures,Globex ,KS,Globex ,KS
Cooling (CDD) Sacramento- Options,Options,Globex ,KS,Globex ,KS
Heating (HDD) Detroit- Futures,Futures,Globex ,HK,Globex ,HK
Heating (HDD) Detroit- Options,Options,Globex ,HK,Globex ,HK
Cooling (CDD) Detroit- Futures,Futures,Globex ,KK,Globex ,KK
Cooling (CDD) Detroit- Options,Options,Globex ,KK,Globex ,KK
Heating (HDD) Salt Lake City- Futures,Futures,Globex ,HA,Globex ,HA
Heating (HDD) Salt Lake City- Options,Options,Globex ,HA,Globex ,HA
Cooling (CDD) Salt Lake City- Futures,Futures,Globex ,KA,Globex ,KA
Cooling (CDD) Salt Lake City- Options,Options,Globex ,KA,Globex ,KA
Heating (HDD) Baltimore- Futures,Futures,Globex ,HV,Globex ,HV
Heating (HDD) Baltimore- Options,Options,Globex ,HV,Globex ,HV
Cooling (CDD) Baltimore- Futures,Futures,Globex ,KV,Globex ,KV
Cooling (CDD) Baltimore- Options,Options,Globex ,KV,Globex ,KV
Heating (HDD) Colorado Springs- Futures,Futures,Globex ,V3,Globex ,V3
Heating (HDD) Colorado Springs- Options,Options,Globex ,V3,Globex ,V3
Cooling (CDD) Colorado Springs- Futures,Futures,Globex ,A3,Globex ,A3
Cooling (CDD) Colorado Springs- Options,Options,Globex ,A3,Globex ,A3
Heating (HDD) Jacksonville- Futures,Futures,Globex ,VF,Globex ,VF
Heating (HDD) Jacksonville- Options,Options,Globex ,VF,Globex ,VF
Cooling (CDD) Jacksonville- Futures,Futures,Globex ,A0,Globex ,A0
Cooling (CDD) Jacksonville- Options,Options,Globex ,A0,Globex ,A0
Heating (HDD) Little Rock- Futures,Futures,Globex ,VG,Globex ,VG
Heating (HDD) Little Rock- Options,Options,Globex ,VG,Globex ,VG
Cooling (CDD) Little Rock- Futures,Futures,Globex ,AT,Globex ,AT
Cooling (CDD) Little Rock- Options,Options,Globex ,AT,Globex ,AT
Heating (HDD) Los Angeles- Futures,Futures,Globex ,VH,Globex ,VH
Heating (HDD) Los Angeles- Options,Options,Globex ,VH,Globex ,VH
Cooling (CDD) Los Angeles- Futures,Futures,Globex ,AH,Globex ,AH
Cooling (CDD) Los Angeles- Options,Options,Globex ,AH,Globex ,AH
Heating (HDD) Raleigh Durham- Futures,Futures,Globex ,VK,Globex ,VK
Heating (HDD) Raleigh Durham- Options,Options,Globex ,VK,Globex ,VK
Cooling (CDD) Raleigh Durham- Futures,Futures,Globex ,AK,Globex ,AK
Cooling (CDD) Raleigh Durham- Options,Options,Globex ,AK,Globex ,AK
Heating (HDD) Washington DC- Futures,Futures,Globex ,VU,Globex ,VU
Heating (HDD) Washington DC- Options,Options,Globex ,VU,Globex ,VU
Cooling (CDD) Washington- DC- Futures,Futures,Globex ,AU,Globex ,AU
Cooling (CDD) Washington Dc- Options,Options,Globex ,AU,Globex ,AU
Cooling (CAT) Calgary- Futures,Futures,Globex ,V2,Globex ,V2
Cooling (CAT) Calgary- Options,Options,Globex ,V2,Globex ,V2
Cooling (CAT) Edmonton- Futures,Futures,Globex ,V4,Globex ,V4
Cooling (CAT) Edmonton- Options,Options,Globex ,V4,Globex ,V4
Cooling (CAT) Montreal- Futures,Futures,Globex ,V5,Globex ,V5
Cooling (CAT) Montreal- Options,Options,Globex ,V5,Globex ,V5
Cooling (CAT) Toronto- Futures,Futures,Globex ,V1,Globex ,V1
Cooling (CAT) Toronto- Options,Options,Globex ,V1,Globex ,V1
Cooling (CAT) Vancouver- Futures,Futures,Globex ,V8,Globex ,V8
Cooling (CAT) Vancouver- Options,Options,Globex ,V8,Globex ,V8
Cooling (CAT) Winnipeg- Futures,Futures,Globex ,V9,Globex ,V9
Cooling (CAT) Winnipeg- Options,Options,Globex ,V9,Globex ,V9
Heating (HDD) Calgary- Futures,Futures,Globex ,A2,Globex ,A2
Heating (HDD) Calgary- Options,Options,Globex ,A2,Globex ,A2
Cooling (CDD) Calgary- Futures,Futures,Globex ,P2,Globex ,P2
Cooling (CDD) Calgary- Options,Options,Globex ,P2,Globex ,P2
Heating (HDD) Edmonton- Futures,Futures,Globex ,A4,Globex ,A4
Heating (HDD) Edmonton- Options,Options,Globex ,A4,Globex ,A4
Cooling (CDD) Edmonton- Futures,Futures,Globex ,P4,Globex ,P4
Cooling (CDD) Edmonton- Options,Options,Globex ,P4,Globex ,P4
Heating (HDD) Montreal- Futures,Futures,Globex ,A5,Globex ,A5
Heating (HDD) Montreal- Options,Options,Globex ,A5,Globex ,A5
Cooling (CDD) Montreal- Futures,Futures,Globex ,P5,Globex ,P5
Cooling (CDD) Montreal- Options,Options,Globex ,P5,Globex ,P5
Heating (HDD) Toronto- Futures,Futures,Globex ,A7,Globex ,A7
Heating (HDD) Toronto- Options,Options,Globex ,A7,Globex ,A7
Cooling (CDD) Toronto- Futures,Futures,Globex ,P7,Globex ,P7
Cooling (CDD) Toronto- Options,Options,Globex ,P7,Globex ,P7
Heating (HDD) Vancouver- Futures,Futures,Globex ,A8,Globex ,A8
Heating (HDD) Vancouver- Options,Options,Globex ,A8,Globex ,A8
Cooling (CDD) Vancouver- Futures,Futures,Globex ,P8,Globex ,P8
Cooling (CDD) Vancouver- Options,Options,Globex ,P8,Globex ,P8
Heating (HDD) Winnipeg- Futures,Futures,Globex ,A9,Globex ,A9
Heating (HDD) Winnipeg- Options,Options,Globex ,A9,Globex ,A9
Cooling (CDD) Winnepeg- Futures,Futures,Globex ,P9,Globex ,P9
Cooling (CDD) Winnipeg- Options,Options,Globex ,P9,Globex ,P9
Heating (HDD) London- Futures,Futures,Globex ,D0,Globex ,D0
Heating (HDD) London- Options,Options,Globex ,D0,Globex ,D0
Cooling (CDD) London- Futures,Futures,Globex ,G0,Globex ,G0
Cooling (CDD) London- Options,Options,Globex ,G0,Globex ,G0
Heating (HDD) Paris- Futures,Futures,Globex ,D1,Globex ,D1
Heating (HDD) Paris- Options,Options,Globex ,D1,Globex ,D1
Cooling (CDD) Paris- Futures ,Futures,Globex ,G1,Globex ,G1
Cooling (CDD) Paris- Options,Options,Globex ,G1,Globex ,G1
Heating (HDD) Amsterdam- Futures,Futures,Globex ,D2,Globex ,D2
Heating (HDD) Amsterdam- Options,Options,Globex ,D2,Globex ,D2
Cooling (CDD) Amsterdam- Futures,Futures,Globex ,G2,Globex ,G2
Cooling (CDD) Amsterdam- Options,Options,Globex ,G2,Globex ,G2
Heating (HDD) Berlin- Futures,Futures,Globex ,D3,Globex ,D3
Heating (HDD) Berlin- Options,Options,Globex ,D3,Globex ,D3
Cooling (CDD) Berlin- Futures,Futures,Globex ,G3,Globex ,G3
Cooling (CDD) Berlin- Options,Options,Globex ,G3,Globex ,G3
Heating (HDD) Essen- Futures,Futures,Globex ,D4,Globex ,D4
Heating (HDD) Essen- Options,Options,Globex ,D4,Globex ,D4
Cooling (CDD) Essen- Futures,Futures,Globex ,G4,Globex ,G4
Cooling (CDD) Essen- Options,Options,Globex ,G4,Globex ,G4
Heating (HDD) Stockholm- Futures,Futures,Globex ,D5,Globex ,D5
Heating (HDD) Stockholm- Options,Options,Globex ,D5,Globex ,D5
Cooling (CDD) Stockholm- Futures,Futures,Globex ,G5,Globex ,G5
Cooling (CDD) Stockholm- Options,Options,Globex ,G5,Globex ,G5
Heating (HDD) Rome- Futures,Futures,Globex ,D9,Globex ,D9
Heating (HDD) Rome- Options,Options,Globex ,D9,Globex ,D9
Cooling (CDD) Rome- Futures,Futures,Globex ,G9,Globex ,G9
Cooling (CDD) Rome- Options,Options,Globex ,G9,Globex ,G9
Heating (HDD) Madrid- Futures,Futures,Globex ,DQ,Globex ,DQ
Heating (HDD) Madrid- Options,Options,Globex ,DQ,Globex ,DQ
Cooling (CDD) Madrid- Futures,Futures,Globex ,GQ,Globex ,GQ
Cooling (CDD) Madrid- Options,Options,Globex ,GQ,Globex ,GQ
Heating (HDD) Barcelona- Futures,Futures,Globex ,D8,Globex ,D8
Heating (HDD) Barcelona- Options,Options,Globex ,D8,Globex ,D8
Cooling (CDD) Barcelona- Futures,Futures,Globex ,G8,Globex ,G8
Cooling (CDD) Barcelona- Options,Options,Globex ,G8,Globex ,G8
Heating (HDD) Oslo-Blindern- Futures,Futures,Globex ,D6,Globex ,D6
Heating (HDD) Oslo-Blindern- Options,Options,Globex ,D6,Globex ,D6
Cooling (CDD) Oslo-Blindern- Futures,Futures,Globex ,HL,Globex ,HL
Cooling (CDD) Oslo-Blindern- Options,Options,Globex ,HL,Globex ,HL
Heating (HDD) Prague- Futures,Futures,Globex ,D7,Globex ,D7
Heating (HDD) Prague- Options,Options,Globex ,D7,Globex ,D7
Cooling (CDD) Prague- Futures,Futures,Globex ,B7,Globex ,B7
Cooling (CDD) Prague- Options,Options,Globex ,B7,Globex ,B7
Heating (HDD) Brisbane Aero- Futures,Futures,Globex ,3F,Globex ,3F
Heating (HDD) Brisbane Aero- Options,Options,Globex ,3F,Globex ,3F
Cooling (CDD) Brisbane Aero- Futures,Futures,Globex ,7T,Globex ,7T
Cooling (CDD) Brisbane Aero- Options,Options,Globex ,7T,Globex ,7T
Heating (HDD) Melbourne Regional Office- Futures,Futures,Globex ,4F,Globex ,4F
Heating (HDD) Melbourne Regional Office- Options,Options,Globex ,4F,Globex ,4F
Cooling (CDD) Melbourne Regional Office- Futures,Futures,Globex ,8T,Globex ,8T
Cooling (CDD) Melbourne Regional Office- Options,Options,Globex ,8T,Globex ,8T
Hurricane A- Futures,Futures,Globex ,HP1,Globex ,HP1
Hurricane A- Options,Futures,Globex ,HP1,Globex ,HP1
Hurricane A- Options ,Futures,Globex ,P12,Globex ,P12
Hurricane B- Futures,Futures,Globex ,HP2,Globex ,HP2
Hurricane B- Options,Futures,Globex ,HP2,Globex ,HP2
Hurricane B- Options ,Futures,Globex ,P22,Globex ,P22
Hurricane C- Futures,Futures,Globex ,HP3,Globex ,HP3
Hurricane C- Options,Futures,Globex ,HP3,Globex ,HP3
Hurricane C- Options ,Futures,Globex ,P32,Globex ,P32
Hurricane D- Futures,Futures,Globex ,HP4,Globex ,HP4
Hurricane D- Options,Futures,Globex ,HP4,Globex ,HP4
Hurricane D- Options ,Futures,Globex ,P42,Globex ,P42
Hurricane E- Futures,Futures,Globex ,HP5,Globex ,HP5
Hurricane E- Options,Futures,Globex ,HP5,Globex ,HP5
Hurricane E- Options ,Futures,Globex ,P55,Globex ,P55
Hurricane F- Futures,Futures,Globex ,HP6,Globex ,HP6
Hurricane F- Options,Futures,Globex ,HP6,Globex ,HP6
Hurricane F- Options ,Futures,Globex ,P62,Globex ,P62
Hurricane G- Futures,Futures,Globex ,HP7,Globex ,HP7
Hurricane G- Options,Futures,Globex ,HP7,Globex ,HP7
Hurricane G- Options ,Futures,Globex ,P72,Globex ,P72
Hurricane H- Futures,Futures,Globex ,HP8,Globex ,HP8
Hurricane H- Options,Options,Globex ,HP8,Globex ,HP8
Hurricane H- Options ,Options ,Globex ,P82,Globex ,P82
Hurricane I- Futures,Futures,Globex ,HP9,Globex ,HP9
Hurricane I- Options,Futures,Globex ,HP9,Globex ,HP9
Hurricane I- Options ,Futures,Globex ,P92,Globex ,P92
Hurricane J- Futures,Futures,Globex ,HP0,Globex ,HP0
Hurricane J- Options,Futures,Globex ,HP0,Globex ,HP0
Hurricane J- Options ,Futures,Globex ,P02,Globex ,P02
Hurricane K- Futures,Futures,Globex ,HS1,Globex ,HS1
Hurricane K- Options,Futures,Globex ,HS1,Globex ,HS1
Hurricane K- Options ,Futures,Globex ,S12,Globex ,S12
Hurricane L- Futures,Futures,Globex ,HS2,Globex ,HS2
Hurricane L- Options,Futures,Globex ,HS2,Globex ,HS2
Hurricane L- Options ,Futures,Globex ,S22,Globex ,S22
Hurricane M- Futures,Futures,Globex ,HS3,Globex ,HS3
Hurricane M- Options,Futures,Globex ,HS3,Globex ,HS3
Hurricane M- Options ,Futures,Globex ,S32,Globex ,S32
Hurricane N- Futures,Futures,Globex ,HS4,Globex ,HS4
Hurricane N- Options,Futures,Globex ,HS4,Globex ,HS4
Hurricane N- Options ,Futures,Globex ,S42,Globex ,S42
Hurricane O- Futures,Futures,Globex ,HS5,Globex ,HS5
Hurricane O- Options,Futures,Globex ,HS5,Globex ,HS5
Hurricane O- Options ,Futures,Globex ,S52,Globex ,S52
Hurricane P- Futures,Futures,Globex ,HS6,Globex ,HS6
Hurricane P- Options,Options,Globex ,HS6,Globex ,HS6
Hurricane P- Options ,Options ,Globex ,S62,Globex ,S62
Hurricane R- Futures,Futures,Globex ,HS7,Globex ,HS7
Hurricane R- Options,Futures,Globex ,HS7,Globex ,HS7
Hurricane R- Options ,Futures,Globex ,S72,Globex ,S72
Hurricane S- Futures,Futures,Globex ,HS8,Globex ,HS8
Hurricane S- Options,Futures,Globex ,HS8,Globex ,HS8
Hurricane S- Options ,Futures,Globex ,S82,Globex ,S82
Hurricane T- Futures,Futures,Globex ,HS9,Globex ,HS9
Hurricane T- Options,Futures,Globex ,HS9,Globex ,HS9
Hurricane T- Options ,Futures,Globex ,S92,Globex ,S92
Hurricane V- Futures,Futures,Globex ,HS0,Globex ,HS0
Hurricane V- Options,Futures,Globex ,HS0,Globex ,HS0
Hurricane V- Options ,Futures,Globex ,S02,Globex ,S02
Hurricane W- Futures,Futures,Globex ,HN1,Globex ,HN1
Hurricane W- Options,Futures,Globex ,HN1,Globex ,HN1
Hurricane W- Options ,Futures,Globex ,NH1,Globex ,NH1
Hurricane Alpha- Futures,Futures,Globex ,HN2,Globex ,HN2
Hurricane Alpha- Options,Futures,Globex ,HN2,Globex ,HN2
Hurricane Alpha- Options ,Futures,Globex ,NH2,Globex ,NH2
Hurricane Beta- Futures,Futures,Globex ,HN3,Globex ,HN3
Hurricane Beta- Options,Futures,Globex ,HN3,Globex ,HN3
Hurricane Beta- Options ,Futures,Globex ,NH3,Globex ,NH3
Hurricane Gamma- Futures,Futures,Globex ,HN4,Globex ,HN4
Hurricane Gamma- Options,Options,Globex ,HN4,Globex ,HN4
Hurricane Gamma- Options ,Options ,Globex ,NH4,Globex ,NH4
Hurricane Delta- Futures,Futures,Globex ,HN5,Globex ,HN5
Hurricane Delta- Options,Futures,Globex ,HN5,Globex ,HN5
Hurricane Delta- Options ,Futures,Globex ,NH5,Globex ,NH5
Hurricane Epsilon- Futures,Futures,Globex ,HN6,Globex ,HN6
Hurricane Epsilon- Options,Futures,Globex ,HN6,Globex ,HN6
Hurricane Epsilon- Options ,Futures,Globex ,NH6,Globex ,NH6
Hurricane Zeta- Futures,Futures,Globex ,HN7,Globex ,HN7
Hurricane Zeta- Options,Futures,Globex ,HN7,Globex ,HN7
Hurricane Zeta- Options ,Futures,Globex ,NH7,Globex ,NH7
Hurricane Eta- Futures,Futures,Globex ,HN8,Globex ,HN8
Hurricane Eta- Options,Futures,Globex ,HN8,Globex ,HN8
Hurricane Eta- Options ,Futures,Globex ,NH8,Globex ,NH8
Hurricane Theta- Futures,Futures,Globex ,HN9,Globex ,HN9
Hurricane Theta- Options,Futures,Globex ,HN9,Globex ,HN9
Hurricane Theta- Options ,Futures,Globex ,NH9,Globex ,NH9
Hurricane Iota- Futures,Futures,Globex ,HN0,Globex ,HN0
Hurricane Iota- Options,Futures,Globex ,HN0,Globex ,HN0
Hurricane Iota- Options ,Futures,Globex ,NH0,Globex ,NH0
Hurricane A- Futures,Futures,Globex ,HX1,Globex ,HX1
Hurricane A- Options,Futures,Globex ,HX1,Globex ,HX1
Hurricane A- Options ,Futures,Globex ,X12,Globex ,X12
Hurricane B- Futures,Futures,Globex ,HX2,Globex ,HX2
Hurricane B- Options,Options,Globex ,HX2,Globex ,HX2
Hurricane B- Options ,Options ,Globex ,X22,Globex ,X22
Hurricane C- Futures,Futures,Globex ,HX3,Globex ,HX3
Hurricane C- Options,Options,Globex ,HX3,Globex ,HX3
Hurricane C- Options ,Options ,Globex ,X32,Globex ,X32
Hurricane D- Futures,Futures,Globex ,HX4,Globex ,HX4
Hurricane D- Options,Options,Globex ,HX4,Globex ,HX4
Hurricane D- Options ,Options ,Globex ,X42,Globex ,X42
Hurricane E- Futures,Futures,Globex ,HX5,Globex ,HX5
Hurricane E- Options,Options,Globex ,HX5,Globex ,HX5
Hurricane E- Options ,Options ,Globex ,X52,Globex ,X52
Hurricane F- Futures,Futures,Globex ,HX6,Globex ,HX6
Hurricane F- Options,Options,Globex ,HX6,Globex ,HX6
Hurricane F- Options ,Options ,Globex ,X62,Globex ,X62
Hurricane G- Futures,Futures,Globex ,HX7,Globex ,HX7
Hurricane G- Options,Options,Globex ,HX7,Globex ,HX7
Hurricane G- Options ,Options ,Globex ,X72,Globex ,X72
Hurricane H- Futures,Futures,Globex ,HX8,Globex ,HX8
Hurricane H- Options,Options,Globex ,HX8,Globex ,HX8
Hurricane H- Options ,Options ,Globex ,X82,Globex ,X82
Hurricane I- Futures,Futures,Globex ,HX9,Globex ,HX9
Hurricane I- Options,Options,Globex ,HX9,Globex ,HX9
Hurricane I- Options ,Options ,Globex ,X92,Globex ,X92
Hurricane J- Futures,Futures,Globex ,HX0,Globex ,HX0
Hurricane J- Options,Options,Globex ,HX0,Globex ,HX0
Hurricane J- Options ,Options ,Globex ,X02,Globex ,X02
Hurricane K- Futures,Futures,Globex ,HG1,Globex ,HG1
Hurricane K- Options,Options,Globex ,HG1,Globex ,HG1
Hurricane K- Options ,Options ,Globex ,G1B,Globex ,G1B
Hurricane L- Futures,Futures,Globex ,HG2,Globex ,HG2
Hurricane L- Options,Options,Globex ,HG2,Globex ,HG2
Hurricane L- Options ,Options ,Globex ,G2B,Globex ,G2B
Hurricane M- Futures,Futures,Globex ,HG3,Globex ,HG3
Hurricane M- Options,Options,Globex ,HG3,Globex ,HG3
Hurricane M- Options ,Options ,Globex ,G3B,Globex ,G3B
Hurricane N- Futures,Futures,Globex ,HG4,Globex ,HG4
Hurricane N- Options,Options,Globex ,HG4,Globex ,HG4
Hurricane N- Options ,Options ,Globex ,G4B,Globex ,G4B
Hurricane O- Futures,Futures,Globex ,HG5,Globex ,HG5
Hurricane O- Options,Options,Globex ,HG5,Globex ,HG5
Hurricane O- Options ,Options ,Globex ,G5B,Globex ,G5B
Hurricane P- Futures,Futures,Globex ,HG6,Globex ,HG6
Hurricane P- Options,Options,Globex ,HG6,Globex ,HG6
Hurricane P- Options ,Options ,Globex ,G6B,Globex ,G6B
Hurricane R- Futures,Futures,Globex ,HG7,Globex ,HG7
Hurricane R- Options,Options,Globex ,HG7,Globex ,HG7
Hurricane R- Options ,Options ,Globex ,G7B,Globex ,G7B
Hurricane S- Futures,Futures,Globex ,HG8,Globex ,HG8
Hurricane S- Options,Options,Globex ,HG8,Globex ,HG8
Hurricane S- Options ,Options ,Globex ,G8B,Globex ,G8B
Hurricane T- Futures,Futures,Globex ,HG9,Globex ,HG9
Hurricane T- Options,Options,Globex ,HG9,Globex ,HG9
Hurricane T- Options ,Options ,Globex ,G9B,Globex ,G9B
Hurricane V- Futures,Futures,Globex ,HG0,Globex ,HG0
Hurricane V- Options,Options,Globex ,HG0,Globex ,HG0
Hurricane V- Options ,Options ,Globex ,G0B,Globex ,G0B
Hurricane W- Futures,Futures,Globex ,HF1,Globex ,HF1
Hurricane W- Options,Options,Globex ,HF1,Globex ,HF1
Hurricane W- Options ,Options ,Globex ,F12,Globex ,F12
Hurricane Alpha- Futures,Futures,Globex ,HF2,Globex ,HF2
Hurricane Alpha- Options,Options,Globex ,HF2,Globex ,HF2
Hurricane Alpha- Options ,Options ,Globex ,F22,Globex ,F22
Hurricane Beta- Futures,Futures,Globex ,HF3,Globex ,HF3
Hurricane Beta- Options,Options,Globex ,HF3,Globex ,HF3
Hurricane Beta- Options ,Options ,Globex ,F32,Globex ,F32
Hurricane Gamma- Futures,Futures,Globex ,HF4,Globex ,HF4
Hurricane Gamma- Options,Options,Globex ,HF4,Globex ,HF4
Hurricane Gamma- Options ,Options ,Globex ,F42,Globex ,F42
Hurricane Delta- Futures,Futures,Globex ,HF5,Globex ,HF5
Hurricane Delta- Options,Options,Globex ,HF5,Globex ,HF5
Hurricane Delta- Options ,Options ,Globex ,F52,Globex ,F52
Hurricane Epsilon- Futures,Futures,Globex ,HF6,Globex ,HF6
Hurricane Epsilon- Options,Options,Globex ,HF6,Globex ,HF6
Hurricane Epsilon- Options ,Options ,Globex ,F62,Globex ,F62
Hurricane Zeta- Futures,Futures,Globex ,HF7,Globex ,HF7
Hurricane Zeta- Options,Options,Globex ,HF7,Globex ,HF7
Hurricane Zeta- Options ,Options ,Globex ,F72,Globex ,F72
Hurricane Eta- Futures,Futures,Globex ,HF8,Globex ,HF8
Hurricane Eta- Options,Options,Globex ,HF8,Globex ,HF8
Hurricane Eta- Options ,Options ,Globex ,F82,Globex ,F82
Hurricane Theta- Futures,Futures,Globex ,HF9,Globex ,HF9
Hurricane Theta- Options,Options,Globex ,HF9,Globex ,HF9
Hurricane Theta- Options ,Options ,Globex ,F92,Globex ,F92
Hurricane Iota- Futures,Futures,Globex ,HF0,Globex ,HF0
Hurricane Iota- Options,Options,Globex ,HF0,Globex ,HF0
Hurricane Iota- Options ,Options ,Globex ,F02,Globex ,F02
Hurricane Seasonal Gulf Coast- Futures,Futures,Globex ,HGA,Globex ,HGA
Hurricane Seasonal Gulf Coast- Options,Options,Globex ,OGA,Globex ,OGA
Hurricane Seasonal Gulf Coast- Options ,Options ,Globex ,BHG,Globex ,BHG
Hurricane Seasonal Florida- Futures,Futures,Globex ,HFA,Globex ,HFA
Hurricane Seasonal Florida- Options,Options,Globex ,OFA,Globex ,OFA
Hurricane Seasonal Florida- Options ,Options ,Globex ,BHF,Globex ,BHF
Hurricane Seasonal Southern Atlantic Coast- Futures,Futures,Globex ,HHA,Globex ,HHA
Hurricane Seasonal Southern Atlantic Coast- Options,Options,Globex ,OSA,Globex ,OSA
Hurricane Seasonal Southern Atlantic Coast- Options ,Options ,Globex ,BHS,Globex ,BHS
Hurricane Seasonal Northern Atlantic Coast- Futures,Futures,Globex ,HNA,Globex ,HNA
Hurricane Seasonal Northern Atlantic Coast- Options,Options,Globex ,ONA,Globex ,ONA
Hurricane Seasonal Northern Atlantic Coast- Options ,Options ,Globex ,BHR,Globex ,BHR
Hurricane Seasonal Florida + Southern Atlantic + Northern Atlantic- Futures,Futures,Globex ,HAA,Globex ,HAA
Hurricane Seasonal Florida + Southern Atlantic + Northern Atlantic- Options,Options,Globex ,AHA,Globex ,AHA
Hurricane Seasonal Florida + Southern Atlantic + Northern Atlantic- Options ,Options ,Globex ,BFA,Globex ,BFA
Hurricane Seasonal Eastern US- Futures,Futures,Globex ,HXA,Globex ,HXA
Hurricane Seasonal Eastern US- Options,Options,Globex ,OXA,Globex ,OXA
Hurricane Seasonal Eastern US- Options ,Options ,Globex ,BHX,Globex ,BHX
Hurricane Seasonal Cat-In-A-Box--Galveston-Mobile- Futures,Futures,Globex ,HPA,Globex ,HPA
Hurricane Seasonal Cat-In-A-Box--Galveston-Mobile- Options,Options,Globex ,OPA,Globex ,OPA
Hurricane Seasonal Cat-In-A-Box-- Galveston-Mobile- Options ,Options ,Globex ,BHB,Globex ,BHB
Hurricane Seasonal Gulf Coast + Florida- Futures,Futures,Globex ,FGM,Globex ,FGM
Hurricane Seasonal Gulf Coast + Florida- Options,Options,Globex ,FGM,Globex ,FGM
Hurricane Seasonal Gulf Coast + Florida- Options ,Options ,Globex ,BFG,Globex ,BFG
Hurricane Seasonal Florida Gold Coast- Futures,Futures,Globex ,HDA,Globex ,HDA
Hurricane Seasonal Florida Gold Coast- Options,Options,Globex ,HDA,Globex ,HDA
Hurricane Seasonal Florida Gold Coast- Options ,Options ,Globex ,BFM,Globex ,BFM
Hurricane Seasonal Maximum Gulf Coast- Futures,Futures,Globex ,HGM,Globex ,HGM
Hurricane Seasonal Maximum Gulf Coast- Options,Options,Globex ,OGM,Globex ,OGM
Hurricane Seasonal Maximum Gulf Coast- Options ,Options ,Globex ,MHG,Globex ,MHG
Hurricane Seasonal Maximum Florida- Futures,Futures,Globex ,HFM,Globex ,HFM
Hurricane Seasonal Maximum Florida- Options,Options,Globex ,OFM,Globex ,OFM
Hurricane Seasonal Maximum Florida- Options ,Options ,Globex ,MHF,Globex ,MHF
Hurricane Seasonal Maximum Southern Atlantic Coast- Futures,Futures,Globex ,HSM,Globex ,HSM
Hurricane Seasonal Maximum Southern Atlantic Coast- Options,Options,Globex ,OSM,Globex ,OSM
Hurricane Seasonal Maximum Southern Atlantic Coast- Options ,Options ,Globex ,MHS,Globex ,MHS
Hurricane Seasonal Maximum Northern Atlantic Coast- Futures,Futures,Globex ,HNM,Globex ,HNM
Hurricane Seasonal Maximum Northern Atlantic Coast- Options,Options,Globex ,ONM,Globex ,ONM
Hurricane Seasonal Maximum Northern Atlantic Coast- Options ,Options ,Globex ,MHR,Globex ,MHR
Hurricane Seasonal Maximum Florida + Southern Atlantic + Northern Atlantic- Futures,Futures,Globex ,HAM,Globex ,HAM
Hurricane Seasonal Maximum Florida + Southern Atlantic + Northern Atlantic- Options,Options,Globex ,MHA,Globex ,MHA
Hurricane Seasonal Maximum Florida + Southern Atlantic + Northern Atlantic- Options ,Options ,Globex ,AOA,Globex ,AOA
Hurricane Seasonal Maximum Eastern US- Futures,Futures,Globex ,HXM,Globex ,HXM
Hurricane Seasonal Maximum Eastern US- Options,Options,Globex ,OXM,Globex ,OXM
Hurricane Seasonal Maximum Eastern US- Options ,Options ,Globex ,MHX,Globex ,MHX
Hurricane Seasonal Maximum Cat-In-A-Box-- Galveston-Mobile- Futures,Futures,Globex ,HPM,Globex ,HPM
Hurricane Seasonal Maximum Cat-In-A-Box-- Galveston-Mobile- Options,Options,Globex ,OPM,Globex ,OPM
Hurricane Seasonal Maximum Cat-In-A-Box-- Galveston-Mobile- Options ,Options ,Globex ,MHB,Globex ,MHB
Hurricane Seasonal Maximum Gulf Coast + Florida- Futures,Futures,Globex ,GFM,Globex ,GFM
Hurricane Seasonal Maximum Gulf Coast + Florida- Options,Options,Globex ,GFM,Globex ,GFM
Hurricane Seasonal Maximum Gulf Coast + Florida- Options ,Options ,Globex ,BGF,Globex ,BGF
Hurricane Seasonal Maximum Florida Gold Coast- Futures,Futures,Globex ,HDM,Globex ,HDM
Hurricane Seasonal Maximum Florida Gold Coast- Options,Options,Globex ,HDM,Globex ,HDM
Hurricane Seasonal Maximum Florida Gold Coast- Options ,Options ,Globex ,MFM,Globex ,MFM
Hurricane Second Event Seasonal Max Options  Gulf Coast,Options ,Globex ,MG2,Globex ,MG2
Hurricane Second Event Seasonal Max Options  Florida,Options ,Globex ,MF2,Globex ,MF2
Hurricane Second Event Seasonal Max Options  Southern Atlantic Coast,Options ,Globex ,HM2,Globex ,HM2
Hurricane Second Event Seasonal Max Options  Northern Atlantic Coast,Options ,Globex ,MR2,Globex ,MR2
Hurricane Second Event Seasonal Max Options  Florida + Southern Atlantic + Northern Atlantic,Options ,Globex ,OMA,Globex ,OMA
Hurricane Second Event Seasonal Max Options  Eastern US,Options ,Globex ,MX2,Globex ,MX2
Hurricane Second Event Seasonal Max Options  Cat-In-A-Box,Options ,Globex ,MB2,Globex ,MB2
Hurricane Second Event Seasonal Max Options  Gulf Coast + Florida,Options ,Globex ,GF2,Globex ,GF2
Hurricane Second Event Seasonal Max Options  Florida Gold Coast,Options ,Globex ,FM2,Globex ,FM2
Rainfall Chicago O'Hare International- Futures,Futures,Globex ,CJR,Globex ,CJR
Rainfall Chicago O'Hare International- Options,Options,Globex ,CJR,Globex ,CJR
Rainfall Dallas-Fort Worth International- Futures,Futures,Globex ,WR,Globex ,WR
Rainfall Dallas-Fort Worth International- Options,Options,Globex ,WR,Globex ,WR
Rainfall Los Angeles Downtown USC Campus- Futures,Futures,Globex ,AR,Globex ,AR
Rainfall Los Angeles Downtown USC Campus- Options,Options,Globex ,AR,Globex ,AR
Rainfall Des Moines Internationa- Futures,Futures,Globex ,MR,Globex ,MR
Rainfall Des Moines Internationa- Options,Options,Globex ,MR,Globex ,MR
Rainfall Detroit Metro- Futures,Futures,Globex ,VL,Globex ,VL
Rainfall Detroit Metro- Options,Options,Globex ,VL,Globex ,VL
Rainfall Portland International- Futures,Futures,Globex ,PR,Globex ,PR
Rainfall Portland International- Options,Options,Globex ,PR,Globex ,PR
Rainfall New York LaGuardia- Futures,Futures,Globex ,YA,Globex ,YA
Rainfall New York LaGuardia- Options,Options,Globex ,YA,Globex ,YA
Rainfall Raleigh/Durham International- Futures,Futures,Globex ,DF,Globex ,DF
Rainfall Raleigh/Durham International-Options,Options,Globex ,DF,Globex ,DF
Rainfall Jacksonville International- Futures,Futures,Globex ,LF,Globex ,LF
Rainfall Jacksonville International- Options,Options,Globex ,LF,Globex ,LF
Rainfall Index Monthly & Seasonal Options  Chicago O'Hare International ,Options ,Globex ,IR,Globex ,IR
Rainfall Index Monthly & Seasonal Options  Dallas-Fort Worth International ,Options ,Globex ,LR,Globex ,LR
Rainfall Index Monthly & Seasonal Options  Los Angeles Downtown USC Campus,Options ,Globex ,CL,Globex ,CL
Rainfall Index Monthly & Seasonal Options  Des Moines International,Options ,Globex ,TL,Globex ,TL
Rainfall Index Monthly & Seasonal Options  Detroit Metro,Options ,Globex ,QL,Globex ,QL
Rainfall Index Monthly & Seasonal Options  Portland International,Options ,Globex ,XR,Globex ,XR
Rainfall Index Monthly & Seasonal Options  New York LaGuardia,Options ,Globex ,YF,Globex ,YF
Rainfall Index Monthly & Seasonal Options  Raleigh/Durham International,Options ,Globex ,XF,Globex ,XF
Rainfall Index Monthly & Seasonal Options  Jacksonville International,Options ,Globex ,EF,Globex ,EF
Frost Index Amsterdam- Futures,Futures,Globex ,FZ,Globex ,FZ
Frost Index Amsterdam- Options,Options,Globex ,FZ,Globex ,FZ
Snowfall Index Boston Logan International- Futures,Futures,Globex ,SB,Globex ,SB
Snowfall Index Boston Logan International- Options,Options,Globex ,SB,Globex ,SB
Snowfall Index New York Central Park- Futures,Futures,Globex ,SX,Globex ,SX
Snowfall Index New York Central Park- Options,Options,Globex ,SX,Globex ,SX
Snowfall Index Chicago O'Hare International- Futures,Futures,Globex ,SW,Globex ,SW
Snowfall Index Chicago O'Hare International- Options,Options,Globex ,SW,Globex ,SW
Snowfall Index Minneapolis- Futures,Futures,Globex ,BV,Globex ,BV
Snowfall Index Minneapolis- Options,Options,Globex ,BV,Globex ,BV
Snowfall Index Detroit International- Futures,Futures,Globex ,EK,Globex ,EK
Snowfall Index Detroit International- Options,Options,Globex ,EK,Globex ,EK
Snowfall Index New York LaGuardia- Futures,Futures,Globex ,FG,Globex ,FG
Snowfall Index New York LaGuardia- Options,Options,Globex ,FG,Globex ,FG
Snowfall Monthly Boston Logan International- Options ,Options ,Globex ,BN,Globex ,BN
Snowfall Monthly New York Central Park- Options ,Options ,Globex ,YN,Globex ,YN
Snowfall Monthly Chicago O'Hare International- Options ,Options ,Globex ,CI,Globex ,CI
Snowfall Monthly Minneapolis International- Options ,Options ,Globex ,FE,Globex ,FE
Snowfall Monthly Detroit International- Options ,Options ,Globex ,DX,Globex ,DX
Snowfall Monthly New York LaGuardia- Options ,Options ,Globex ,NN,Globex ,NN
WTI Crude vs Brent Last Day,Futures,Globex,CL-BZ,Globex,CLB;CLEBZ
RBOB vs NY Harbor ULSD,Futures,Globex,RB-HO,Globex,RBEHOE
RBOB vs Crude Oil Crack,Futures,Globex,RB-CL,Globex,RBECLE
NY Harbor ULSD vs WTI Crude Crack,Futures,Globex,HO-CL,Globex,HOECLE
NY Harbor ULSD vs Brent Last Day,Futures,Globex,HO-BZ,Globex,HOEBZ;HZI
Minneapolis Hard Red Spring Wheat,Futures,Globex,MWE,Globex,MWE